Episode,Score,Avg_Score_100
1,-18.035051546391664,-18.035051546391664
2,-17.922222222222096,-17.97863688430688
3,-17.909225092250814,-17.95549962028819
4,-17.999999999999737,-17.966624715216078
5,-51.052996845427515,-24.583899141258364
6,-17.899999999999935,-23.46991595104863
7,-17.944947735191597,-22.680634777354765
8,-37.51904761904857,-24.53543638256649
9,-18.056338028168923,-23.815536565411207
10,-18.04999999999992,-23.238982908870078
11,-17.90734824281145,-22.754288848319295
12,-17.937209302325492,-22.35286555281981
13,-17.952091254752748,-22.0143444529685
14,-18.092929292929206,-21.73424337010855
15,-18.002236421725144,-21.485442906882994
16,-37.85732484076507,-22.508685527750615
17,-19.75806451612893,-22.346884291772867
18,-17.995057034220174,-22.105116110797717
19,-17.956338028168858,-21.88675936960672
20,-25.458536585365785,-22.065348230394676
21,-17.930769230769084,-21.86846351612679
22,-18.096887159532788,-21.6970282271907
23,-17.984615384615196,-21.53561897316568
24,-26.779439252336516,-21.7541114847978
25,-21.210299003322163,-21.73235898553877
26,-19.888198757763895,-21.66142974600897
27,-20.7770392749244,-21.628674543376206
28,-19.0035971223019,-21.53492177833784
29,-18.017647058823048,-21.41363644318216
30,-41.17987421383716,-22.072511035537325
31,-17.866903914590694,-21.936846289700338
32,-17.983333333333285,-21.813299009813868
33,-18.038834951456227,-21.698921311075758
34,-17.950557620817722,-21.588675320185814
35,-21.786075949366996,-21.59431533816242
36,-17.993069306930643,-21.49428072618376
37,-18.039926739926585,-21.40091980763627
38,-44.43519061583684,-22.00708482890471
39,-17.976923076922827,-21.90374734808466
40,-25.381818181818197,-21.990699118927996
41,-18.0153374233128,-21.893739077571524
42,-20.193069306930624,-21.853246940175314
43,-17.942857142856933,-21.762307642563258
44,-17.860431654676155,-21.67362864283855
45,-17.969930069929994,-21.59132423010725
46,-17.828621908127058,-21.509526353542466
47,-18.047540983606392,-21.435867090352335
48,-17.989041095890087,-21.364058215467704
49,-20.852317880794647,-21.35361453516825
50,-17.802996254681425,-21.282602169558512
51,-19.15488215488195,-21.240882169270737
52,-18.048226950354543,-21.17948495352235
53,-17.95481727574741,-21.11864216714924
54,-21.045016077170388,-21.11727872103852
55,-22.732258064516085,-21.146641981829024
56,-18.070588235293876,-21.091712450640898
57,-17.953872053871756,-21.03666261911863
58,-19.498507462686483,-21.010142702628425
59,-17.961484098939835,-20.958470522904886
60,-17.921052631578874,-20.90784689138279
61,-28.91618497109833,-21.039131122197798
62,-22.725748502993973,-21.06633462833967
63,-18.054716981131797,-21.018531173622087
64,-17.997338403041237,-20.971325036581757
65,-20.232258064516074,-20.959954775473054
66,-18.044947735191524,-20.915788002135457
67,-17.941791044775847,-20.871399987846505
68,-17.986206896551664,-20.828970677680406
69,-17.851724137930944,-20.785822177104325
70,-17.98856088560871,-20.74586130151153
71,-17.982608695652118,-20.706942250724776
72,-18.013559322033828,-20.669534154492958
73,-18.00734824281139,-20.633065854332937
74,-17.93564013840818,-20.596614155469087
75,-17.92857142857117,-20.56104025244378
76,-17.98943894389427,-20.52720339312076
77,-18.00684931506835,-20.494471521977225
78,-17.913919413919267,-20.461387520591867
79,-18.015254237288104,-20.430423808144987
80,-17.835640138408216,-20.397989012273275
81,-17.97981651376142,-20.368135030810162
82,-18.02105263157885,-20.339512074721977
83,-19.396091205211647,-20.328145558221852
84,-18.041791044775888,-20.3009270521094
85,-17.975432525951422,-20.27356829297813
86,-17.965217391303984,-20.24672700342378
87,-17.993069306930625,-20.220822891969835
88,-17.865886287625365,-20.19406224873865
89,-21.41124260355026,-20.20773843250058
90,-17.919188191881645,-20.182310096493705
91,-17.966903914590628,-20.15796497361565
92,-17.99273927392729,-20.134429911662515
93,28.201626016258885,-19.614687374803143
94,-17.92784810126571,-19.59674227614849
95,-17.982822085889488,-19.579753642566818
96,-18.433933933933893,-19.56781802060189
97,-18.063309352517752,-19.552307621961848
98,-18.034482758620566,-19.536819613152243
99,-17.818918918918662,-19.519467080887257
100,-18.052631578947093,-19.504798725867854
101,-17.921404682274186,-19.50366225722668
102,-17.85806451612894,-19.503020680165747
103,-17.922222222222047,-19.503150651465457
104,-19.699999999999953,-19.520150651465464
105,-18.0801393728219,-19.190422076739406
106,-17.935051546391705,-19.19077259220332
107,-4.549999999999728,-19.0568231148514
108,-17.90258899676358,-18.86065852862855
109,-17.967509025270473,-18.85977023859957
110,-17.88854489164081,-18.85815568751598
111,-17.918518518518262,-18.858267390273046
112,-17.971428571428497,-18.85860958296408
113,-17.942105263157664,-18.858509723048126
114,-17.993069306930604,-18.857511123188143
115,-17.94022988505719,-18.85689105782146
116,-17.99999999999974,-18.658317809413806
117,-18.03529411764698,-18.64109010542899
118,-18.066666666666542,-18.641806201753454
119,-17.928571428571125,-18.641528535757477
120,-19.45806451612894,-18.581523815065104
121,-17.825925925925873,-18.580475382016676
122,-17.983333333333263,-18.579339843754678
123,-18.085815602836675,-18.580351845936896
124,-17.823376623376475,-18.490791219647296
125,-18.031578947368313,-18.459004019087757
126,-18.024561403508635,-18.440367645545205
127,-18.019188191881753,-18.412789134714778
128,-17.935211267605528,-18.402105276167816
129,-21.581609195402226,-18.437744897533605
130,-17.949809885931273,-18.205444254254544
131,-18.017647058823265,-18.206951685696872
132,-17.92650176678415,-18.206383370031382
133,-17.83191489361678,-18.204314169452985
134,-17.994117647058566,-18.204749769715395
135,-17.902996254681494,-18.16591897276854
136,-17.935211267605407,-18.165340392375285
137,-18.09339933993378,-18.165875118375357
138,-17.92171253822628,-17.900740337599252
139,-17.89505300353333,-17.899921636865358
140,-17.954716981131806,-17.825650624858493
141,-18.0846153846153,-17.82634340447152
142,-17.999999999999737,-17.804412711402207
143,8.786245353160185,-17.53712168644204
144,-17.88873720136503,-17.537404741908926
145,-17.963576158940178,-17.53734120279903
146,-18.03474320241685,-17.539402415741925
147,-17.977464788732178,-17.538701653793186
148,-17.91773049645355,-17.537988547798818
149,-18.09999999999983,-17.51046536899087
150,-17.98772563176876,-17.512312662761744
151,-17.86148409893967,-17.49937868220232
152,-17.952317880794496,-17.49841959150672
153,-18.049122807017042,-17.499362646819417
154,-17.90299625468136,-17.467942448594528
155,-17.91533742331276,-17.419773242182494
156,-17.949829351535517,-17.41856565334491
157,-17.966666666666633,-17.41869359947286
158,-18.054716981131794,-17.404255694657316
159,-17.523426573426306,-17.39987511940218
160,8.203112840467103,-17.138633464681718
161,-18.02574850299391,-17.029729100000676
162,-17.952941176470556,-16.98200102673544
163,-20.028358208955126,-17.001737439013674
164,-17.949809885931273,-17.001262153842575
165,-17.90457516339862,-16.9779853248314
166,-18.063025210083772,-16.97816609958032
167,-18.087179487179405,-16.97961998400436
168,-18.086868686868268,-16.980626601907524
169,-16.434615384615057,-16.966455514374363
170,23.6627450980382,-16.54994245453789
171,8.146245059288658,-16.288653916988483
172,-19.458171745152256,-16.30310004121967
173,-17.97443609022534,-16.302770919693806
174,-17.91304347826063,-16.30254495309233
175,-17.974999999999937,-16.30300923880662
176,15.361048689138306,-15.969504362476295
177,-17.81288343558266,-15.967564703681441
178,-18.05753424657517,-15.969000852008001
179,-17.879439252336383,-15.967642702158484
180,-18.031578947368235,-15.969602090248083
181,-18.09480968858102,-15.97075202199628
182,-18.057664233576368,-15.971118138016255
183,-17.975675675675514,-15.956913982720893
184,-17.83225806451605,-15.954818652918295
185,-18.05633802816876,-15.955627707940469
186,-8.480534351144733,-15.860780877538875
187,18.906976744185457,-15.491780417027714
188,-17.987725631768694,-15.492998810469148
189,-18.054545454545167,-15.459431838979096
190,-17.966666666666477,-15.459906623726944
191,-17.884615384615216,-15.459083738427191
192,-17.920068027210636,-15.458357025960025
193,-17.986206896551487,-15.920235355088128
194,9.615384615384581,-15.644803027921625
195,-17.89862542955301,-15.643961061358262
196,-17.940540540540272,-15.639027127424324
197,12.374193548386282,-15.334652098415283
198,-17.98452012383895,-15.334152472067467
199,-18.057664233576368,-15.336539925214044
200,-17.9515923566877,-15.335529532991451
201,-17.910299003322013,-15.33541847620193
202,-18.014814814814514,-15.336985979188785
203,-17.827645051194317,-15.33604020747851
204,-18.029801324503268,-15.319338220723544
205,-18.080419580419377,-15.319341022799517
206,11.650847457626448,-15.023482032759336
207,-8.385211267605369,-15.06183414543539
208,-17.82570532915345,-15.06106530875929
209,-17.961484098939877,-15.061005059495983
210,-17.91578947368395,-15.061277505316413
211,11.61347517730498,-14.76595756835818
212,-17.952631578947287,-14.76576959843337
213,-17.98282208588944,-14.766176766660685
214,26.052529182877798,-14.325720781762605
215,-17.913588850173998,-14.325454371413771
216,-17.90793650793635,-14.324533736493136
217,-4.040322580645708,-14.184584021123124
218,-16.1921052631577,-14.165838407088035
219,20.259550561796946,-13.783957187184356
220,-17.992307692307605,-13.769299618946143
221,-17.966666666666413,-13.770707026353548
222,-18.0262295081965,-13.771135988102182
223,-17.944067796610327,-13.76971851003992
224,13.502510460250358,-13.45645963920365
225,-18.036305732483832,-13.456506907054807
226,-18.057534246575194,-13.45683663548547
227,-18.01761006289291,-13.45682085419558
228,-18.016422287389883,-13.457632964393422
229,-18.018518518518274,-13.422002057624582
230,-18.086206896551474,-13.423366027730783
231,-18.054054054053797,-13.423730097683087
232,-18.052631578947096,-13.424991395804721
233,-18.036363636363365,-13.427035883232184
234,24.34146341463311,-13.003680072615268
235,-18.033898305084477,-13.004989093119299
236,-17.933333333333174,-13.004970313776578
237,-18.040540540540473,-13.004441725782643
238,21.100813008129524,-12.614216470319084
239,10.141121495326752,-12.333854725330484
240,-17.963309352517722,-12.333940649044344
241,21.51312741312646,-11.937963221066923
242,-18.06309148264964,-11.938594135893425
243,-17.917610062892837,-12.205632690053955
244,-17.975432525951298,-12.206499643299816
245,-17.958739255014244,-12.20645127426056
246,14.733333333332782,-11.878770508903063
247,-17.93899371069161,-11.878385798122654
248,-17.99900332225905,-11.879198526380712
249,22.76721311475348,-11.470526395233177
250,-18.097833935017967,-11.47162747826567
251,10.097003745318037,-11.192042599823091
252,-18.035640138408056,-11.19287582239923
253,-17.986705202312095,-11.192251646352181
254,-17.903244837757917,-11.192254132182947
255,10.055555555555532,-10.912545202394265
256,21.84362139917654,-10.514610694887145
257,-17.94732824427458,-10.514417310663223
258,20.449999999999598,-10.12937014085191
259,-17.999369085173296,-10.134129565969378
260,10.19593495934904,-10.11420134478056
261,14.032490974728852,-9.79361895000333
262,-17.864935064934862,-9.792738888887975
263,-18.038834951456078,-9.772843656312984
264,-18.092452830188908,-9.774270085755562
265,13.24106463878292,-9.462813687733746
266,10.385185185185192,-9.178331583781056
267,16.836363636363128,-8.829096152545631
268,8.26808510638292,-8.565546614613119
269,14.987755102040365,-8.251322909746564
270,9.884210526315456,-8.389108255463793
271,-15.657017543859387,-8.627140881495272
272,44.030769230767945,-7.992251471736069
273,15.150533807829023,-7.661001772755526
274,14.847908745246574,-7.333392250520454
275,59.8205882352967,-6.555436368167488
276,33.63846153846078,-6.372662239674263
277,14.878595317725225,-6.045747452141184
278,18.623076923076354,-5.678941340444669
279,9.102166064981697,-5.409125287271488
280,43.58735177865512,-4.792935980011254
281,10.65304659498193,-4.5054574171756245
282,-17.97508090614875,-4.504631583901348
283,17.958620689654744,-4.145288620248046
284,17.72727272727222,-3.7896933123301637
285,-18.07341772151893,-3.789864109263665
286,-17.975675675675408,-3.8848155225089713
287,30.025179856114512,-3.7736334913896816
288,-17.96226415094317,-3.7733788765814262
289,16.17716535433014,-3.4310617684926727
290,10.545945945945673,-3.145935642366551
291,16.937800687284785,-2.7977114816475517
292,9.547239263803656,-2.5230384087374085
293,13.058620689654628,-2.2125901328753472
294,34.199999999999434,-1.9667439790291992
295,-18.09016393442604,-1.9686593640779293
296,-17.915189873417468,-1.9684058574067012
297,14.9009966777404,-1.9431378261131602
298,28.022302158272772,-1.4830696032920425
299,14.282352941175898,-1.15966943154452
300,-18.05605536332191,-1.1607140616108622
301,-17.91355932203406,-1.160746664797983
302,13.084210526315502,-0.8497564113866826
303,-17.95394321766539,-0.8510193930513935
304,40.35018726591679,-0.2672195071471927
305,-18.097421203438177,-0.2673895233773809
306,-17.939926739926495,-0.5632972653529102
307,-17.931182795698813,-0.6587569806338448
308,11.31379310344787,-0.3673619963078314
309,14.123529411764563,-0.04651186120078714
310,28.22061855670011,0.41485221910305364
311,56.07251908396901,0.8594426581696939
312,-16.029746835443373,0.8786715056047334
313,9.078595317725455,1.1492856796408824
314,33.90508474576209,1.2278112352697255
315,-17.972727272727465,1.2272198510441903
316,10.928057553956313,1.515579791663117
317,8.072354948805074,1.6367065669576246
318,12.342446043165,1.9220520800208518
319,-18.098591549295858,1.5384706589099237
320,13.441077441076825,1.8528045102437678
321,-18.053943217666042,1.8519317447337715
322,26.764102564101698,2.2998350654567536
323,27.457679180885968,2.753852535231717
324,30.19534883720881,2.920780919001302
325,40.718181818180355,3.5083257945079436
326,16.889700996677252,3.857798146940468
327,19.52686567164131,4.23324290428581
328,24.36797153024863,4.657086842462195
329,32.656643356642,5.163838461213797
330,13.488888888888443,5.479589419068198
331,-17.979746835442793,5.480332491254307
332,21.141077441077,5.872269581454548
333,20.58695652173875,6.25850278303557
334,10.441269841269449,6.119500847301932
335,15.482389937106557,6.454663729723842
336,29.968227424748015,6.933679337304654
337,35.43381294963991,7.468422872206458
338,56.02256809338493,7.817640423059012
339,25.24410774410711,7.968670285546816
340,27.577777777776305,8.424081156849757
341,16.1888888888882,8.370838771607374
342,15.827272727272266,8.709742413706593
343,8.412751677852398,8.973046031114045
344,53.78832116788255,9.690683568052384
345,13.228522336769402,10.00255618397022
346,-17.98696883852651,9.675353162251627
347,16.674074074073562,10.021483840099279
348,9.245945945945678,10.293933332781325
349,18.102166064981525,10.247282862283605
350,34.49189189189072,10.773180120552693
351,16.98421052631537,10.842052188362665
352,-9.802941176470343,10.924379177982043
353,43.63554006968553,11.54060163070202
354,-12.07592592592587,11.59887481982034
355,29.11089108910806,11.789428175155866
356,-18.053943217665687,11.390452528987444
357,20.236842105262582,11.772294232482816
358,9.769798657717883,11.665492219060003
359,14.960516605165827,11.995091075963392
360,16.587654320987312,12.059008269579772
361,22.71204013377872,12.14580376117027
362,31.931970260222656,12.643772814421846
363,28.68148148148098,13.110975978751215
364,28.101754385964455,13.57291805091275
365,-18.018918918919436,13.260318215335726
366,15.239549839228104,13.308861861876158
367,56.07984790874595,13.701296704599983
368,19.660073260072696,13.815216586136884
369,-18.075159235668853,13.48458744275979
370,22.458620689654516,13.61033154439318
371,16.39999999999942,13.930901719831768
372,13.32550335570419,13.623849061081128
373,18.00891089108839,13.652432831913723
374,14.0716417910444,13.6446701623717
375,56.051851851852334,13.606982798537256
376,9.907692307692193,13.369675106229572
377,37.996078431372005,13.600849937366043
378,25.28753993610181,13.667494567496297
379,23.40137457044623,13.810486652550942
380,19.76376811594161,13.572250815923807
381,33.743749999999366,13.80315784997398
382,20.111705685618496,14.184025715891654
383,17.07894736842063,14.17522898267931
384,29.420338983050073,14.29215964523709
385,41.24709480122206,14.8853647704645
386,10.499999999999563,15.17012152722125
387,28.266666666666183,15.152536395326765
388,40.36666666666616,15.735825703502858
389,20.23780068728477,15.776432056832405
390,23.03381294963968,15.901310726869347
391,16.784386617099784,15.899776586167492
392,22.298293515357884,16.02728712868304
393,11.57437722419885,16.012444694028478
394,18.33851590105945,15.853829853039079
395,15.320408163265158,16.18793557401599
396,16.304626334519423,16.53013373609536
397,20.481081081080504,16.585934580128765
398,13.787539936101714,16.44358695790705
399,16.27142857142805,16.46347771420957
400,23.73333333333271,16.881371601176117
401,17.46363636363582,17.235143558032817
402,11.888524590163467,17.2231866986713
403,32.35267175572474,17.726252848405196
404,56.08947368421212,17.883645712588155
405,9.720689655172164,18.161826821174255
406,17.78181818181786,18.5190442703917
407,24.8058823529407,18.946414921878098
408,15.673063973063595,18.990007630574254
409,11.7195046439625,18.96596738289623
410,9.037062937062586,18.774131826699854
411,26.570418006430465,18.479110815924468
412,26.889552238805408,18.908303806666957
413,18.54594594594544,19.00297731294916
414,10.461237785015893,18.768538843341695
415,56.07654320987831,19.509031548167755
416,9.889700996677394,19.498647982594967
417,18.361165048543253,19.601536083592347
418,15.36981132075457,19.631809736368243
419,54.40597609561706,20.35685541281737
420,33.98996415770543,20.56234427998366
421,9.815384615384275,20.84103755831416
422,21.560283687942785,20.78899936955257
423,36.46507936507886,20.8790733713945
424,37.33848797250776,20.950504762747492
425,56.04326241135138,21.103755568679205
426,16.27859531772519,21.097644511889683
427,56.079598662208994,21.463171841795358
428,29.961538461537806,21.519107511108245
429,22.185015290519182,21.414391230447016
430,56.07259786476921,21.840228320205824
431,56.07118644068059,22.58073765296706
432,33.19999999999969,22.70132687855629
433,33.94246575342431,22.83488197087315
434,48.266898954703095,23.213138262007483
435,14.691970802919027,23.205234070665608
436,14.123076923076331,23.04678256564889
437,20.333224755699707,22.895776683709492
438,26.424324324323955,22.599794246018877
439,21.856939501779028,22.565922563595596
440,17.93333333333292,22.469478119151162
441,-17.983050847457868,22.127758721787703
442,25.66774193548352,22.226163413869813
443,26.59552238805928,22.407991120971886
444,56.0877862595421,22.430985771888476
445,32.96478873239398,22.628348435844725
446,15.517948717948245,22.963397611409473
447,39.691143911438246,23.19356830978312
448,18.569902912620805,23.28680787944987
449,34.25652173912985,23.448351436191356
450,25.282008368200195,23.35625260095445
451,56.02786885246334,23.746689184215928
452,21.736912751677348,24.062087723497402
453,56.088326848252876,24.186615591283076
454,34.76478873239396,24.655022737866272
455,12.548680351906013,24.489400630494256
456,56.07500000000044,25.230690062670917
457,24.699999999999378,25.275321641618284
458,21.799999999999628,25.395623655041103
459,16.746607669616104,25.413484565685604
460,36.66755852842769,25.614283607760008
461,26.717948717948254,25.654342693601706
462,43.12121212121168,25.766235112211593
463,28.11958041957994,25.760616101592586
464,31.299999999999493,25.79259855773293
465,-16.775748502994155,25.805030261892185
466,31.167123287670755,25.96430599637661
467,33.6505338078287,25.740012855367436
468,52.93081761006217,26.072720298867335
469,12.230177514792661,26.37577366637195
470,39.28818897637737,26.54406934923918
471,23.57235494880507,26.615792898727236
472,28.83691275167726,26.770906992686964
473,37.91052631578894,26.96992314693397
474,56.04179104477842,27.38962463947131
475,28.801374570446406,27.117119866657255
476,34.54160583941556,27.363459001974487
477,31.586411149825437,27.29936232915902
478,10.93703703703691,27.15585730016837
479,17.744108761328924,27.0992846420772
480,31.714184397162676,27.21878880488941
481,36.965338645417866,27.251004691343592
482,31.41379310344795,27.36402556552189
483,21.200630914826064,27.405242400985944
484,23.215479876160636,27.343193809917047
485,29.792982456139868,27.228652686466226
486,28.164788732394,27.405300573790168
487,56.07992831541624,27.68343319027767
488,26.787654320987322,27.54764306682088
489,22.201374570446205,27.567278805652496
490,29.571428571428164,27.63265496187038
491,35.945283018867514,27.824263925888054
492,25.885915492957217,27.860140145664055
493,31.174074074073687,28.0561371141628
494,56.010791366906844,28.43285986882128
495,28.9451827242522,28.56910761443115
496,32.821212121211595,28.734273472298067
497,54.97435897435887,29.079206251230847
498,21.997763578274387,29.161308487652583
499,56.04489795919034,29.559043181530196
500,33.90494699646601,29.660759318161535
501,56.077777777782046,30.046900732302998
502,38.07131782945681,30.30872866469593
503,27.964359861591234,30.264845545754596
504,35.18888888888847,30.055839697801357
505,20.714540059346902,30.16577820184311
506,24.90390879478791,30.236999107972807
507,17.2914893617018,30.161855178060417
508,30.68970099667741,30.312021548296553
509,12.022981366459192,30.315056315521524
510,-18.05795795795791,30.044106106571313
511,24.544444444444068,30.02384637095145
512,43.51418439716275,30.19009269253503
513,29.03114754098325,30.294944708485403
514,23.01856677524387,30.42051799838768
515,28.45938566552868,30.144346422944185
516,35.235294117646475,30.397802354153878
517,25.26123778501583,30.466803081518606
518,20.951090342678707,30.522615871737845
519,47.71501706484576,30.45570628143013
520,24.82411575562662,30.364047797409345
521,34.561111111110684,30.61150506236661
522,56.03015873016119,30.956203812788793
523,26.62516556291351,30.857804674767138
524,56.04444444444658,31.044864239486525
525,26.83312101910778,30.752762825564087
526,15.467224080267286,30.74464911318951
527,36.11227436823069,30.544975870249733
528,32.20891089108842,30.567449594545238
529,38.333333333332874,30.728932774973384
530,29.71034482758568,30.465310244601543
531,37.06111111111068,30.275209491305844
532,36.93309608540894,30.312540452159933
533,56.066323024057866,30.53377902486627
534,56.056756756757935,30.611677602886814
535,56.04738675958542,31.025231762453483
536,56.0275362318863,31.44427635554158
537,41.02432432432406,31.65118735122782
538,56.06813186813241,31.947625426665905
539,56.057142857145095,32.28962746021956
540,35.885185185184646,32.469145978738084
541,30.73365695792844,32.95631305679195
542,29.12993197278866,32.990934957165
543,34.239372822299174,33.067373461507394
544,21.26990291262083,32.71919462803819
545,30.93137254901921,32.69886046620444
546,56.04584717608061,33.10413945078576
547,25.782389937106572,32.965051911042444
548,19.00606060606024,32.96941348797684
549,26.55789473684159,32.89242721795395
550,33.00270270270229,32.96963416129898
551,32.79741100323591,32.73732958280671
552,32.59999999999951,32.84596045528993
553,24.701408450703802,32.53209127131443
554,49.611764705881924,32.680561031049315
555,33.99090909090878,32.89498331843934
556,42.092982456140035,32.75516314300073
557,54.541100323624086,33.053574146236976
558,28.36123778501586,33.11918652408715
559,56.075000000003314,33.51247044739102
560,45.371317829456956,33.59950804040131
561,40.59999999999973,33.738328553221834
562,18.765517241378877,33.4947716044235
563,24.299999999999663,33.4565758002277
564,21.76990595611228,33.36127485978882
565,56.01351351351465,34.089167479953915
566,28.891954022988223,34.066415787307086
567,56.0831649831681,34.29074209906048
568,26.631578947368226,34.02774971243354
569,17.03905723905686,34.07583850967618
570,30.764788732393917,33.99060450723635
571,33.86610169491482,34.093541974697445
572,31.927210884353386,34.124444956024206
573,35.355052264807945,34.098890215514395
574,35.324567474047996,33.89171797980709
575,56.09532710280344,34.164657505130656
576,30.331292517006332,34.12255437190657
577,56.05555555555867,34.3672458159639
578,25.777316293929232,34.51564860853282
579,22.16480836236913,34.55985560454323
580,36.99999999999958,34.612713760571594
581,34.40792079207872,34.587139582038205
582,24.72857142857093,34.520287365289434
583,26.578980891719375,34.57407086505837
584,26.247682119204832,34.60439288748881
585,56.06666666667009,34.86712972959411
586,56.0727272727285,35.14620911499746
587,56.057142857144655,35.14598126041474
588,33.25520504731829,35.21065676767805
589,11.630177514792578,35.10494479712152
590,34.681208053690824,35.156042591944136
591,9.919302949061455,34.89578279124608
592,26.6465798045599,34.903389434362104
593,19.765256797582694,34.789301261597195
594,32.769465648854386,34.55688800441667
595,24.707260726072107,34.51450878443487
596,26.71409395973113,34.45343760282007
597,43.57142857142821,34.33940829879075
598,32.71587301587265,34.44658939316674
599,22.04006734006692,34.106541086975504
600,27.017948717948258,34.03767110419033
601,49.05593220338948,33.96745264844641
602,38.4372759856626,33.97111223000846
603,29.54444444444406,33.986913075836995
604,28.089632107023014,33.91592050801834
605,33.86028368794274,34.0473779443043
606,22.8812080536907,34.02715093689333
607,56.04212454212623,34.41465728869757
608,50.63529411764671,34.61411321990727
609,16.74651162790664,34.66134852252174
610,38.28235294117608,35.22475163151308
611,23.346579804559852,35.21277298511424
612,44.855932203389436,35.2261904631765
613,56.095121951220676,35.496830207278876
614,21.66744186046464,35.483318958131086
615,34.836690647481554,35.54709200795062
616,56.00580204778339,35.75479708725198
617,26.30759075907533,35.765260616992585
618,25.21608391608327,35.807910552726625
619,56.01044776119812,35.89086485969015
620,51.18608058608033,36.15448450799468
621,45.7212121212117,36.26608551809569
622,34.56808510638259,36.05146478185791
623,24.939549839227865,36.03460862462105
624,43.42121212121167,35.90837630138871
625,43.513793103448,36.075183022232096
626,40.051090342678876,36.32102168485622
627,44.937748344370206,36.40927642461761
628,27.13129251700628,36.35850024087679
629,56.04368231046985,36.535603730648155
630,32.50311284046633,36.56353141077696
631,30.728571428571044,36.50020601395156
632,29.611455108358804,36.42698960418107
633,31.570198675496144,36.18202836069545
634,34.10704225352059,35.96253121566308
635,40.55270758122688,35.8075844238795
636,56.041463414636524,35.807723695707
637,32.227210884353404,35.719752561307295
638,30.69197080291913,35.46599095065516
639,56.06896551724425,35.46610917725615
640,41.40185873605898,35.52127591276489
641,33.829411764705476,35.55223346083266
642,29.101234567900853,35.551946486783784
643,34.46111111111063,35.5541638696719
644,28.339549839227935,35.62486033893797
645,20.142446043164913,35.51697107387943
646,31.531292517006328,35.27182552728869
647,34.27532467532423,35.35675487467086
648,56.07910447761441,35.7274853133864
649,27.023076923076367,35.732137135248756
650,23.045762711863638,35.63256773534036
651,43.67272727272681,35.74132089803527
652,41.59298245613998,35.83125072259668
653,24.13642384105909,35.82560087650023
654,27.73669064748146,35.606850135916225
655,18.61780821917755,35.45311912719892
656,21.3419354838705,35.245608657476225
657,25.461111111110505,34.95480876535109
658,22.45628742514922,34.89575926175242
659,25.228571428570923,34.587294976038095
660,21.67499999999947,34.35033179774351
661,32.1675675675672,34.266007473419194
662,26.681081081080485,34.345163111816206
663,38.091970802919214,34.48308281984541
664,25.554983922829067,34.520933599512574
665,36.73333333333281,34.328131797710746
666,44.35820895522356,34.482794347033106
667,42.205190311418214,34.34401460031561
668,56.018771331060776,34.637886524152535
669,45.95304659498174,34.92702641771179
670,56.08523489933309,35.18023087938118
671,42.337800687284876,35.264947869304876
672,34.33922261484034,35.289067986609744
673,56.04705882352958,35.495988052196964
674,42.391970802919296,35.566662085485675
675,32.71258741258675,35.33283468858351
676,56.04612794612986,35.58998304287474
677,33.839372822299126,35.36782121554215
678,49.995340501792384,35.610001457620776
679,40.25505226480798,35.79090389664516
680,34.55593220338929,35.76646321867906
681,37.78477508650475,35.80023176162332
682,31.107070707070328,35.86401675440832
683,36.89124087591181,35.96713935425025
684,29.110344827585678,35.99576598133406
685,32.80726072607218,35.76317192192808
686,28.208814589665195,35.484532795097444
687,18.22298136645911,35.10619118019058
688,36.533812949639795,35.138977259213796
689,27.7114551083587,35.29979003514946
690,31.845945945945566,35.271437414072004
691,22.849367088607025,35.40073805546746
692,56.07272727272937,35.694999530149154
693,56.02953020134639,36.05764226418679
694,49.573553719007656,36.22568314488833
695,56.04050632911634,36.539015600918766
696,56.01414141414371,36.832016075462896
697,26.223076923076363,36.658532558979374
698,26.047368421052063,36.59184751303117
699,29.99741100323581,36.67142094966286
700,44.833812949639906,36.849579591979776
701,29.56842105263113,36.65470448047219
702,44.920895522387646,36.71954067583945
703,35.82307692307648,36.78232700062576
704,38.110526315788945,36.88253594271342
705,46.5031128404665,37.00896423423866
706,21.920560747663146,36.99935776117839
707,33.54246575342423,36.77436117329137
708,56.021678321682984,36.82822501533173
709,42.31052631578901,37.08386516221056
710,29.174074074073616,36.992782373539534
711,27.182817869415587,37.031144754188084
712,42.73669064748168,37.009952338629006
713,37.12550335570432,36.82025615267385
714,26.407070707070254,36.867652441139896
715,27.77073170731658,36.79699285173825
716,26.89542483660088,36.50588907962642
717,22.746511627906628,36.47027828831474
718,19.347337278105954,36.411590821934965
719,25.948407643311583,36.110970420756104
720,25.697435897435533,35.85608397386966
721,25.53411371237408,35.65421298978128
722,39.68148148148098,35.70534695353226
723,56.054545454549725,36.016496909685486
724,28.90743034055687,35.87135909187893
725,26.67898089171935,35.70301096976164
726,19.647368421051972,35.49897375054538
727,44.305211726383845,35.49264838436551
728,32.928571428571054,35.55062117348116
729,33.06339869281007,35.320818337304566
730,33.492982456139856,35.3307170334613
731,33.64545454545406,35.35988586463013
732,43.73956834532342,35.50116699699978
733,40.40175438596447,35.589482554104464
734,36.65894039735057,35.61500153554276
735,56.04210526316035,35.7698955123621
736,34.64259927797779,35.55590687099551
737,46.19259259259202,35.6955606880779
738,24.78381502890136,35.63647913033772
739,32.319580419579886,35.39898527936107
740,43.90311284046648,35.42399782040514
741,31.541077441076986,35.40111447716886
742,17.80876494023873,35.28818978089223
743,46.492452830188256,35.40850319808301
744,55.039455782312714,35.67550225751386
745,36.34126984126953,35.837490495494905
746,16.9682634730534,35.691860205055384
747,32.54594594594555,35.674566417761596
748,43.66946564885452,35.55047002947399
749,56.000000000001776,35.840239260243244
750,48.709252669038754,36.09687415981501
751,22.62432432432376,35.88639013033097
752,30.141269841269477,35.77187300418227
753,43.298293515358004,35.96349170092526
754,40.03333333333288,36.08645812778377
755,56.06122448979859,36.46089229048998
756,56.01159420290037,36.80758887768028
757,31.904946996465938,36.87202723653384
758,39.27508417508374,37.040215204033174
759,31.725503355704255,37.10518452330451
760,18.909836065573195,37.077532883960245
761,41.13093525179808,37.167166560802556
762,27.128571428570936,37.171641464277464
763,36.119580419579925,37.15191756044407
764,35.831372549019186,37.25468144670597
765,24.795424836600816,37.13530236173865
766,34.969798657717746,37.04141825876359
767,68.90121107266951,37.3083784663761
768,24.60726072607207,36.994263360326215
769,39.0236933797904,36.9249698281743
770,34.19661016949116,36.706083580875884
771,38.575091575090966,36.66845648975394
772,56.059744408948845,36.88566170769503
773,18.54805194805162,36.510671638940245
774,28.91206225680871,36.37587255347914
775,42.923076923076586,36.47797744858405
776,29.197411003235793,36.2094902791551
777,32.69077490774857,36.1980043000096
778,29.895424836600895,35.997005143357676
779,41.73727598566265,36.011827380566224
780,46.60308880308831,36.13229894656322
781,33.848328267476745,36.09293447837294
782,48.90137457044649,36.270877517006696
783,33.8740740740737,36.24070584898832
784,51.57208480565343,36.465323248769
785,44.710144927535865,36.58435209078363
786,37.19999999999978,36.67426394488698
787,30.499999999999673,36.79703413122238
788,56.097183098592936,36.992667832711916
789,42.41565836298907,37.13970986525821
790,56.035684647303725,37.3816072522718
791,41.0017543859645,37.56313112524537
792,49.940875912408444,37.501812611642166
793,46.14576271186396,37.40297493674734
794,32.96755852842755,37.23691498484155
795,36.658940397350534,37.04309932552388
796,28.5235294117644,36.76819320550009
797,34.44193548387064,36.85038179110803
798,34.81180124223578,36.938026119319865
799,43.52307692307659,37.073282778518276
800,45.917808219177836,37.084122731213654
801,56.04353741496742,37.34887389483702
802,49.38695652173885,37.393534504830534
803,34.248407643311694,37.377787812032885
804,31.52857142857097,37.3119682631607
805,110.72647058823897,37.954201840638426
806,41.38181818181792,38.148814414979974
807,29.609836065573298,38.10948811810147
808,37.10137457044634,37.920285080589096
809,56.027777777787435,38.05745759520909
810,37.6088145896653,38.141805000365
811,45.43537414965938,38.324330563167436
812,32.766066066065754,38.224624317353275
813,46.13249097472886,38.31469419354353
814,25.27781350482281,38.303401621521054
815,56.006535947718106,38.58575966392507
816,56.066666666677236,38.87747208222583
817,56.09623824451681,39.21096934839193
818,52.25304659498181,39.54002644156069
819,38.984662576686866,39.67038899089444
820,56.09220779221499,39.974336709842234
821,56.02358803986935,40.2792314531172
822,46.78477508650486,40.350264389167435
823,43.79700374531792,40.227688972075114
824,40.229411764705524,40.3409087863166
825,47.45862068965481,40.548705184295954
826,56.00303030303432,40.912261803115776
827,42.37208480565322,40.892930533908476
828,56.096138996142315,41.12460620958418
829,52.95223880596997,41.32349461071578
830,47.00759075907561,41.45864069374514
831,306.0126182965254,44.18231233125585
832,41.838515901059644,44.163301806813216
833,33.17407407407366,44.091025003694305
834,25.620253164556445,43.98063813136636
835,38.445945945945624,43.804676538194215
836,56.028187919466006,44.01853242460911
837,34.39542483660093,43.90056074704919
838,306.26101694914854,46.715332766251656
839,56.08847352024999,46.95302169725836
840,353.88813559321295,50.05287192478582
841,43.099999999999746,50.168461150375045
842,28.436423841059103,50.274737739383255
843,56.047138047141104,50.37028459155278
844,30.52432432432383,50.12513327697289
845,331.6607843137215,53.078328421697414
846,56.010104529620506,53.46874683226309
847,43.42253521126737,53.5775127249163
848,24.315384615384197,53.38397191458161
849,38.86206896551685,53.21259260423676
850,293.38961038960883,55.65939618144246
851,44.91643835616396,55.88231732176086
852,56.02528735632545,56.14115749691142
853,38.997411003235925,56.0981486717902
854,56.054135338350335,56.25835669184038
855,41.86206896551689,56.11636513659757
856,28.259477124182624,55.83884396581038
857,56.04776632302668,56.080272159075996
858,56.0000000000048,56.2475213173252
859,56.01147540983838,56.490381037866534
860,56.084115523468725,56.862123832445484
861,56.068441064640766,57.01149889057391
862,24.222742474916217,56.98244060103737
863,277.25626911314504,59.39380748797302
864,38.42307692307647,59.41972453171359
865,305.4999999999952,62.22677028334754
866,202.64135802469426,63.90348587701731
867,366.1090225563819,66.87556399185443
868,713.6241379310123,73.76573276390383
869,410.6491749174851,77.48198757928077
870,280.64285714285114,79.94645004901437
871,56.00697674418876,80.12076890070536
872,56.025401929264106,80.12042547590852
873,56.001242236026485,80.49495737878827
874,759.1979522184063,87.79781627840424
875,256.83793103447886,89.93696481951825
876,48.258620689654826,90.12757691638244
877,51.91643835616412,90.31983355086659
878,22.929268292682615,90.2501719854274
879,311.8432525951496,92.95123175152229
880,31.813017751479045,92.80333104100619
881,427.75939849623217,96.74244174329375
882,372.7333333333283,99.98076133092258
883,677.3447761193853,106.41546835137568
884,840.7021897809981,114.30676940112912
885,46.13129251700647,114.32098087702381
886,470.2398671096189,118.65137954812002
887,26.98963210702295,118.61627586919025
888,331.64347826086254,121.37173882081296
889,265.96585365853485,123.60724077376841
890,359.20872483220717,126.63897117561748
891,207.24520958084273,128.30140572756625
892,47.56712328767092,128.27766820131887
893,56.04285714287016,128.3766391456289
894,359.1269896193696,131.63823345653833
895,286.0707165108978,134.13235121767383
896,257.541176470585,136.42252768826205
897,29.569300911853666,136.37380134254184
898,288.6210526315735,138.91189385643523
899,386.09713261648136,142.33763441336927
900,610.6977917980867,147.9854342491584
901,497.7150326797224,152.40214920180588
902,379.2485148514734,155.70076478510325
903,105.464715719073,156.41292786586087
904,304.5258741258682,159.14290089283384
905,31.039498432601214,158.34603117127747
906,56.015384615384534,158.49236683561313
907,553.3742331288252,163.73001080624564
908,56.04212218650329,163.91941828240618
909,409.29679715301546,167.45210847615851
910,450.7281786941504,171.58330211720335
911,262.76011560693445,173.7565495317761
912,56.02450331127022,173.98913390422814
913,56.01012658229027,174.08791026030377
914,56.0000000000114,174.39513212525563
915,270.43205574912304,176.5393873232696
916,417.6758122743547,180.15547877934645
917,279.11311475409354,182.38564754444226
918,56.0803278688617,182.42392035718106
919,303.18205980065926,185.06589432942076
920,25.404761904761294,184.7590198705462
921,182.5770270270311,186.0245542604178
922,56.06117216117721,186.11731823116455
923,305.7820598006597,188.73716879171795
924,382.5329501915612,192.1602041759865
925,450.91052631577793,196.19472323224775
926,56.02899022802296,196.19498283149767
927,688.1999999999786,202.6532619834409
928,56.06753246754374,202.6529759181549
929,457.48305084744965,206.69828403856968
930,576.3561151078984,211.99176928205793
931,753.8038610038438,216.46968170913112
932,602.7803738317622,222.07910028843816
933,56.05379061372096,222.30789745383458
934,56.0471380471413,222.61216630266048
935,324.62631578946696,225.4739700010957
936,281.5573426573393,227.72926154847445
937,411.169896193765,231.49700626204609
938,56.05033112583078,228.9948994038129
939,56.057859531779684,228.9945932639281
940,741.1428571428426,232.86714047942445
941,340.84242424241506,235.84456472184863
942,295.5864864864834,238.51606534830287
943,422.0999999999932,242.1765939678314
944,180.2523890785036,243.6738746153732
945,735.9606060605877,247.71687283284191
946,105.30278637770992,248.20979965132275
947,439.49139072846395,252.1704882064947
948,24.45245901639295,252.1718589505048
949,699.5844765342825,258.77908302619244
950,56.00000000001157,256.4051869222965
951,56.018012422362446,256.51620266295845
952,713.6163822525385,263.0921136119205
953,740.3056224899448,270.10519572678766
954,612.6666666666554,275.6713210400707
955,320.24957983192917,278.45519614873484
956,372.59896907215915,281.8985910682146
957,664.7305084745594,287.98541848972997
958,514.3936026935909,292.5693545166658
959,56.07282229965473,292.56996798556395
960,495.0155844155766,296.95928267448505
961,339.9397163120497,299.7979954269592
962,735.9508650518907,306.91527665272883
963,333.5974025973981,307.47868798757145
964,56.09655172415012,307.65542273558214
965,305.1392097264397,307.65181483284664
966,359.8642066420616,309.2240433190202
967,56.04864864865954,306.12343957994307
968,552.6412451361772,304.51361065199467
969,744.6999999999773,307.8541189028196
970,249.66931407941985,307.5443834721853
971,746.0618320610553,314.444932025354
972,56.06959064328643,314.4453739124942
973,703.3058419243796,320.9184199093777
974,56.02857142857367,313.8867261014794
975,253.9894736842089,313.85824152797676
976,690.7264150943258,320.2829194720235
977,261.72319749216007,322.38098706338343
978,56.07222222222505,322.71241660267884
979,745.4372881355774,327.0483569580831
980,56.050955414016926,327.29073633470847
981,56.071428571432676,323.57385663546046
982,56.09930069931269,320.4075163091203
983,337.5999999999953,317.0100685479264
984,73.59511784511946,309.3389978285676
985,402.9885245901568,312.9075701492991
986,154.04274447949675,309.7455989229979
987,56.049823321563736,310.0362008351433
988,405.9376811594158,310.77914286412886
989,56.06117216117738,308.6800960491553
990,24.945272206303564,305.3374615228962
991,328.64615384615007,306.55147096554936
992,56.038461538468425,306.6361843480573
993,56.09655172413947,306.63672129387
994,726.3693227091503,310.3091446247678
995,270.13668639053117,310.14980432356407
996,311.8943820224671,310.69333637908295
997,56.07841726619833,310.9584275426264
998,269.9104529616693,310.7713215459274
999,347.2712374581902,310.38306259434444
1000,339.02222222221644,307.66630689858573
1001,24.778260869565038,302.9369391804841
1002,56.05652173913049,299.70501924936076
1003,263.64169184289824,301.28678901059897
1004,731.5653429602766,305.55718369894305
1005,292.7909090909049,308.1746978055261
1006,99.92605177993786,308.61380447717164
1007,392.79253731342743,307.0079875190176
1008,551.933333333324,311.9668996304859
1009,400.06086956521045,311.8745403546078
1010,56.023178807957265,307.92749035574593
1011,56.077821011676534,305.86066740979334
1012,504.124999999991,310.34167237668055
1013,637.8882352941064,316.1604534637987
1014,854.9581314878778,324.1500347786774
1015,56.01178707224952,322.00583209190864
1016,124.59521072797132,319.0750260764448
1017,805.4402298850443,324.33829722775425
1018,278.07687296416447,326.5582626787073
1019,714.2682926829116,330.66912500752983
1020,56.05899280576082,330.97566731653984
1021,349.4604240282654,332.6445012865522
1022,392.93846153845675,336.01327418032497
1023,782.326498422694,340.7787185665453
1024,433.2931034482681,341.28632009911234
1025,56.067132867135726,337.33788616462596
1026,358.9868852458954,340.3674651148047
1027,56.077777777788924,334.0462428925829
1028,507.4602836879353,338.5601704047868
1029,449.4281437125652,338.4796213334379
1030,811.1081850533651,340.8271420328926
1031,787.7558718861051,341.1666621417151
1032,575.4096525096413,340.8929549284939
1033,426.34795321636943,344.5958965545204
1034,176.7509771987014,345.802934946036
1035,368.03843843843464,346.2370561725257
1036,56.03430656934742,343.98182581164576
1037,56.08195488721998,340.43094639858026
1038,630.8690938511198,346.1791340258332
1039,816.5310344827384,353.7838657753427
1040,795.545724907047,354.32789445298476
1041,822.8139194139073,359.1476094046998
1042,641.1993377483348,362.6037379173182
1043,543.9571428571292,363.82230934588966
1044,56.06245210728311,362.5804099761774
1045,853.5122807017361,363.7559267225889
1046,798.3666666666536,370.6865655254784
1047,618.825316455685,372.4799047827506
1048,497.6517799352663,377.21189799193934
1049,797.9376623376419,378.1954298499729
1050,313.4536585365833,380.76996643533874
1051,327.27012987012756,383.4824876098163
1052,875.9732394366007,385.10605618165687
1053,310.9635036496325,380.8126349932538
1054,740.0423208190916,382.0863915347781
1055,128.73843537415385,380.17128009020036
1056,56.06162361624092,377.00590663564117
1057,878.8899159663775,379.1475007105593
1058,253.9535947712413,376.54310063133585
1059,56.00555555555961,376.54242796389485
1060,268.040764331207,374.2726797630512
1061,740.4284552845403,378.2775671527761
1062,800.1579124578943,378.9196376268361
1063,848.3666666666495,384.0673302675287
1064,775.9616438355986,391.2659811886431
1065,774.4720136518562,395.9593092278972
1066,355.07572815533524,395.91142444303
1067,516.2482758620566,400.51342071516405
1068,388.65384615384096,398.87354672534076
1069,481.45573770490984,396.24110410239007
1070,823.1421052631379,401.97583201422725
1071,821.5230769230595,402.73044446284734
1072,820.796850393688,410.37771706035136
1073,436.85789473683394,407.7132375884759
1074,772.7787234042419,414.88073910823255
1075,56.073825503360354,412.901582626424
1076,576.0518394648725,411.75483687012945
1077,56.000626959251335,409.6976111648003
1078,354.8264264264225,412.68515320684224
1079,751.3035971222829,412.7438162967094
1080,333.4339483394779,415.517646225964
1081,617.61582733812,421.13309021363085
1082,56.01935483871523,421.132290755025
1083,801.4627986347917,425.7709187413729
1084,833.4171821305646,433.36913938422737
1085,293.8848484848455,432.2781026231741
1086,498.49157509156635,435.7225909292949
1087,805.7779220779009,443.21987191685815
1088,816.5421052631408,447.3259161578955
1089,818.9354838709532,454.9546592749932
1090,843.1217391304128,463.1364239442344
1091,810.3887372013457,467.9538497777864
1092,754.0935483870834,474.93440064627254
1093,854.1329670329528,482.9147647993606
1094,780.9951310861308,483.46102288313045
1095,649.5587412587297,487.25524343181235
1096,288.81506849314604,487.02445029651915
1097,56.07192982456293,487.02438542210274
1098,586.844303797457,490.19372393046064
1099,661.4739726027262,493.335751281906
1100,371.24356435643153,493.6579647032481
1101,803.886206896531,501.44904416351784
1102,783.7979020978839,508.7264579671054
1103,56.066666666672035,506.6507077153432
1104,835.908510638283,507.6941393921232
1105,462.45714285713365,509.39080172978555
1106,56.08657718121469,508.95240698379826
1107,784.5847682119053,512.870329292783
1108,841.8461538461352,515.7694574979112
1109,789.8539792387422,519.6673885946465
1110,776.0034482758429,526.8671912893253
1111,847.394736842086,534.7803604476294
1112,323.9739644970382,532.9788500925999
1113,796.3497005987815,534.5634647456467
1114,787.8157232704185,533.892040663472
1115,373.0983050847408,537.0629058435969
1116,56.04913494810086,536.3774450857983
1117,848.9774086378603,536.8128168733265
1118,840.0195121951052,542.4322432656359
1119,56.03859649123345,535.8499463037191
1120,784.5545150501453,543.1349015261628
1121,841.2521739130318,548.0528190250105
1122,411.4526315789414,548.2379607254154
1123,818.5641221373913,548.6003369625623
1124,818.2666666666537,552.4500725947462
1125,832.9293286218909,560.2186945522938
1126,846.7573378839375,565.0963990786743
1127,818.6072992700539,572.7216942935969
1128,834.0925566342848,575.9880170230605
1129,811.6673469387638,579.6104090553223
1130,843.0809523809402,579.9301367285981
1131,811.2135593220152,580.1647136029571
1132,835.169230769215,582.7623093855528
1133,822.1262295081807,586.720092148471
1134,895.0999999999788,593.9035823764839
1135,804.732028469736,598.2705182767968
1136,56.0285714285767,598.2704609253891
1137,554.49283154121,603.254569691929
1138,816.4606271776848,605.1104850251947
1139,854.4792207791992,605.4899668881593
1140,854.594736842087,606.0804570075097
1141,537.5724137930889,603.2280419513015
1142,377.8803921568576,600.5948524953867
1143,279.10134680134064,597.9462945348288
1144,830.5764705882157,605.6914347196381
1145,338.4158054711211,600.540469967332
1146,640.4816254416858,598.9616195550824
1147,815.9972972972772,600.9333393634982
1148,839.5054794520364,604.351876358666
1149,875.632015810266,605.1288198933922
1150,853.1836734693762,610.5261200427201
1151,837.4554744525356,615.6279734885443
1152,83.18556701031528,607.7000967642815
1153,832.4644295301808,612.9151060230869
1154,294.4426116838465,608.4591089317345
1155,661.9738562091329,613.7914631400841
1156,338.9481481481446,616.6203283854031
1157,812.9489096572985,615.9609183223124
1158,855.0715302490937,621.9720976770909
1159,826.6901960784148,629.6789440823196
1160,400.64653465346095,631.005001785542
1161,781.8235294117517,631.4189525268142
1162,373.64705882352524,627.1538439904705
1163,399.63333333332497,622.6665106571372
1164,809.4756097560746,623.001650316342
1165,802.6627986347922,623.2835581661712
1166,56.08148148148729,620.293615699433
1167,835.7179487179309,623.4883124279916
1168,825.207903780049,627.8538530042538
1169,842.5287356321737,631.4645829835263
1170,818.1821917808021,631.414983848703
1171,298.19221453287093,626.1816752248011
1172,56.00062695925136,618.5337129904567
1173,882.8999999999777,622.9941340430881
1174,861.5785467127904,623.8821322761737
1175,517.6999999999904,628.4983940211399
1176,786.6280701754199,630.6041563282455
1177,857.3896678966655,638.6180467376196
1178,822.2833333333135,643.2926158066884
1179,805.1972972972762,643.8315528084385
1180,888.4999999999887,649.3822133250434
1181,752.8948717948537,650.7350037696108
1182,784.890099009887,658.0237112113225
1183,793.2454545454383,657.9415377704288
1184,790.5974025973829,657.5133399750972
1185,839.9666666666523,662.9741581569152
1186,828.5611940298355,666.274854346298
1187,879.9115107913483,667.0161902334324
1188,795.9909090908892,666.8106782717099
1189,848.8299663299455,667.1096230962997
1190,873.5814432989492,667.4142201379851
1191,115.42883211679326,660.4646210871397
1192,800.0181818181659,660.9238674214506
1193,836.5289377289255,660.7478271284103
1194,851.5464788732198,661.453340606281
1195,858.5316546762407,663.5430697404563
1196,324.90687285223015,663.9039877840471
1197,808.0804195804016,671.4240726816056
1198,803.9490683229623,673.5951203268606
1199,855.6162162161942,675.5365427629954
1200,864.1312056737444,680.4654191761683
